{"speedMultiplier":1.0,"description":"No description provided.","title":"untitled","controlPoints":[{"field_dX":0.02822265625,"fieldY":5.4453125,"field_dY":0.31044921875,"fieldX":-0.0166015625,"fieldHeading":0.0,"time":0.0,"field_dHeading":0.6789105306943984,"derivativesEdited":false},{"field_dX":0.0,"fieldY":5.810546875,"field_dY":0.19921875,"fieldX":0.0166015625,"fieldHeading":0.6171913915403622,"time":0.3,"field_dHeading":0.6789105306943984,"derivativesEdited":true}]}