{"speedMultiplier":1.0,"description":"No description provided.","title":"untitled","controlPoints":[{"field_dX":0.7902343749999999,"fieldY":4.548828125,"field_dY":-0.42333984375,"fieldX":-1.7431640625,"fieldHeading":0.0,"time":0.0,"field_dHeading":0.6468028639023243,"derivativesEdited":false},{"field_dX":1.0625,"fieldY":4.05078125,"field_dY":-0.06640625,"fieldX":-0.8134765625,"fieldHeading":0.5880026035475675,"time":1.0,"field_dHeading":0.6468028639023243,"derivativesEdited":true}]}