{"speedMultiplier":1.0,"description":"No description provided.","title":"untitled","controlPoints":[{"field_dX":0.46484375,"fieldY":4.515625,"field_dY":0.3984375,"fieldX":-0.0166015625,"fieldHeading":0.0,"time":0.0,"field_dHeading":0.575606154345173,"derivativesEdited":true},{"field_dX":1.4609375,"fieldY":4.083984375,"field_dY":0.0,"fieldX":0.3154296875,"fieldHeading":0.5232783221319754,"time":0.25,"field_dHeading":0.575606154345173,"derivativesEdited":true}]}