{"speedMultiplier":1.0,"description":"No description provided.","title":"untitled","controlPoints":[{"field_dX":0.0,"fieldY":5.443536404160476,"field_dY":-1.0520802377414562,"fieldX":1.7050520059435357,"fieldHeading":0.0,"time":0.0,"field_dHeading":0.0,"derivativesEdited":false},{"field_dX":0.0,"fieldY":4.205794947994057,"field_dY":-1.0520802377414562,"fieldX":1.7050520059435357,"fieldHeading":0.0,"time":0.5,"field_dHeading":0.0,"derivativesEdited":false}]}