{"speedMultiplier":1.0,"description":"No description provided.","title":"untitled","controlPoints":[{"field_dX":-0.004172591822994676,"fieldY":4.515625,"field_dY":-0.26335554420505186,"fieldX":1.7099609375,"fieldHeading":0.0,"time":0.0,"field_dHeading":0.0,"derivativesEdited":false},{"field_dX":-0.004172591822994676,"fieldY":4.205794947994057,"field_dY":-0.26335554420505186,"fieldX":1.7050520059435357,"fieldHeading":0.0,"time":0.25,"field_dHeading":0.0,"derivativesEdited":false}]}