{"speedMultiplier":1.0,"description":"No description provided.","title":"untitled","controlPoints":[{"field_dX":-0.1328125,"fieldY":5.478515625,"field_dY":-3.12109375,"fieldX":-0.0498046875,"fieldHeading":0.0,"time":0.0,"field_dHeading":0.0,"derivativesEdited":true},{"field_dX":2.6660678631129286,"fieldY":4.205794947994057,"field_dY":0.22122260401188676,"fieldX":1.7050520059435357,"fieldHeading":0.0,"time":1.0,"field_dHeading":0.0,"derivativesEdited":true}]}