{"speedMultiplier":1.0,"description":"No description provided.","title":"untitled","controlPoints":[{"field_dX":9.789221243226009E-5,"fieldY":5.443536404160476,"field_dY":0.3141034789559974,"fieldX":1.7050520059435357,"fieldHeading":0.0,"time":0.0,"field_dHeading":0.0,"derivativesEdited":false},{"field_dX":9.789221243226009E-5,"fieldY":5.81306990881459,"field_dY":0.3141034789559974,"fieldX":1.7051671732522795,"fieldHeading":0.0,"time":0.3,"field_dHeading":0.0,"derivativesEdited":false}]}